period,word,z_score,n_in_period,n_outside
1_post_quake,kurum,35.37010422644826,1508,1211
1_post_quake,bin,29.645183237559486,2622,3905
1_post_quake,tespit,23.21983498391404,447,181
1_post_quake,barınma,22.574850382070164,416,158
1_post_quake,hasarlı,22.303292438724206,398,136
1_post_quake,hasar,21.34983694300161,482,327
1_post_quake,geçici,20.396625690871137,515,423
1_post_quake,bağımsız,19.433407300787998,505,448
1_post_quake,ramazan,18.681791849134402,280,97
1_post_quake,afet,18.220349943316297,479,455
1_post_quake,acil,17.875972605678772,333,221
1_post_quake,gaziantep,17.25707596557156,311,207
1_post_quake,bay,17.054638014844393,262,134
1_post_quake,arama,16.786485153240967,234,95
1_post_quake,birimin,16.427535210158315,217,39
1_post_quake,murat,16.356659516797766,360,321
1_post_quake,kurtarma,16.262028462061497,217,84
1_post_quake,birlikte,15.890239811538416,1006,1672
1_post_quake,yaptık,15.612810511146064,399,419
1_post_quake,malatya,15.298458691667596,284,228
1_post_quake,konteyner,14.7651869811916,308,287
1_post_quake,binada,14.758968820403743,188,24
1_post_quake,depremin,14.68479892428443,370,402
1_post_quake,enkaz,14.360872367878944,170,67
1_post_quake,nisan,14.099064085461553,170,76
2_pres_campaign,kurum,31.906844395242754,687,2032
2_pres_campaign,stanbul,26.641879897152744,539,1751
2_pres_campaign,yarısı,23.43082715682412,186,213
2_pres_campaign,bizden,22.743671383901795,188,253
2_pres_campaign,başvuru,21.477359790452272,159,190
2_pres_campaign,mayıs,20.706153425636533,236,572
2_pres_campaign,kirişci,14.819632688183038,91,154
2_pres_campaign,murat,14.80887663200001,163,518
2_pres_campaign,bakan,14.545230555524087,549,3386
2_pres_campaign,bay,14.384292320499146,115,281
2_pres_campaign,konya,13.723006957967863,57,42
2_pres_campaign,kartal,13.355456066730065,56,50
2_pres_campaign,bölüm,13.21026330398227,72,121
2_pres_campaign,yaptı,11.908094247542392,86,229
2_pres_campaign,ümraniye,11.899897276967696,42,22
2_pres_campaign,üsküdar,11.803566489139317,47,53
2_pres_campaign,mülkiyet,11.77773702664304,42,31
2_pres_campaign,sanayi,11.720116579267225,135,523
2_pres_campaign,kampanyasına,11.554335106017318,41,33
2_pres_campaign,umuzda,11.079154589637211,41,45
2_pres_campaign,kampanyamıza,10.986947672006524,38,12
2_pres_campaign,hep,10.844598659934642,196,1010
2_pres_campaign,kılıçdaroğlu,10.536936009339087,36,10
2_pres_campaign,birlikte,10.464650826147775,352,2326
2_pres_campaign,millet,10.434960306839297,184,954
3_inter_election,özhaseki,39.56563799866829,1783,539
3_inter_election,dönüşüm,23.543165519445456,1069,726
3_inter_election,yerinde,21.612605035962414,657,314
3_inter_election,mehmet,18.156680112797776,835,691
3_inter_election,kentsel,13.696062127389869,678,678
3_inter_election,klim,13.4022123199851,785,851
3_inter_election,civarında,12.548902889117823,180,54
3_inter_election,değişikliği,12.356569192993309,747,845
3_inter_election,vali,11.95286202388943,384,329
3_inter_election,güngör,11.846174805749595,634,696
3_inter_election,kayseri,11.82778776331237,154,38
3_inter_election,çevre,11.480028898477293,909,1149
3_inter_election,kredi,11.103025023379569,193,106
3_inter_election,deprem,11.045361197065231,1227,1708
3_inter_election,hayrettin,10.559215117360846,423,432
3_inter_election,sıfır,10.463300996934455,187,113
3_inter_election,hibe,10.285722558035689,164,89
3_inter_election,şehircilik,10.166203353740988,697,875
3_inter_election,varol,10.069582005880786,126,48
3_inter_election,bilgiler,10.069402566955347,180,113
3_inter_election,iklim,9.718400690017381,156,91
3_inter_election,valimiz,9.165276452756276,258,238
3_inter_election,bilgi,9.097086190022411,173,125
3_inter_election,bulvarı,9.07545729007694,94,28
3_inter_election,köy,9.071484459334206,398,448
4_local_campaign,özhaseki,23.697281503468552,448,1874
4_local_campaign,mart,22.61091958873722,180,316
4_local_campaign,mıyız,18.341292269250808,105,145
4_local_campaign,mehmet,14.439883798469044,243,1283
4_local_campaign,hak,13.294027863728141,164,756
4_local_campaign,tekirdağ,13.265684530981465,51,15
4_local_campaign,teslim,13.064386040221939,197,1034
4_local_campaign,çanakkale,12.37566858107443,50,76
4_local_campaign,kli,12.236525463473628,57,113
4_local_campaign,denizli,11.724181153588901,42,55
4_local_campaign,ordu,11.521390380007482,35,19
4_local_campaign,giresun,11.24624339530811,37,43
4_local_campaign,sağlık,11.195591673306797,99,409
4_local_campaign,cumhur,10.672156886131924,62,188
4_local_campaign,hazır,10.525935770746607,74,269
4_local_campaign,tesisi,10.506180048683742,57,164
4_local_campaign,sahiplerine,10.232170208196209,60,191
4_local_campaign,mamak,10.15601626472194,31,8
4_local_campaign,tek,10.102911599126465,167,1042
4_local_campaign,trabzon,10.047374509360369,40,84
4_local_campaign,ankara,10.003832466975444,67,244
4_local_campaign,bakani,9.800947278940376,26,22
4_local_campaign,kura,9.693064412007104,57,191
4_local_campaign,ttifakı,9.582251889260958,54,176
4_local_campaign,rci,9.47156411434819,27,34
5_post_local,hbb,32.11346289484645,729,279
5_post_local,https,27.957749409310914,543,178
5_post_local,hatay,25.765671272455503,1094,1426
5_post_local,aşağıdaki,21.64416997940395,324,94
5_post_local,indirebilirsiniz,21.612828151131275,323,91
5_post_local,haberin,21.612478545745244,323,90
5_post_local,not,17.46688033576934,212,52
5_post_local,linkten,17.19835620684463,205,63
5_post_local,bakım,15.570007211006635,192,108
5_post_local,hatsu,15.378730350176832,175,28
5_post_local,fotoğraflarını,15.043614169266814,161,63
5_post_local,video,14.034616656254494,173,119
5_post_local,ünlüer,13.217014456949212,267,329
5_post_local,şunu,13.174522803299105,158,115
5_post_local,srail,13.033540248740445,206,210
5_post_local,linklerden,13.014049183697924,118,28
5_post_local,skenderun,12.986512214297473,140,87
5_post_local,suyu,12.723972849445861,164,138
5_post_local,gazze,12.703568368570199,200,208
5_post_local,fotoğraf,12.428473352981511,123,70
5_post_local,genelinde,12.020780349215949,239,311
5_post_local,suriye,12.009714086638846,131,95
5_post_local,isterim,11.969372666604585,125,85
5_post_local,dairesi,11.740016046882854,179,194
5_post_local,yol,11.30351424944233,375,661
